"비번","아디","읾"
"adfsfa1","hsjang1","장홍선1"
"adfsfa2","hsjang2","장홍선2"
"adfsfa1","hsjang1","장홍선1"
"adfsfa4","hsjang4","장홍선4"
"adfsfa5","hsjang5","장홍선5"
"adfsfa3","hsjang3","장홍선3"
"adfsfa7","hsjang7","장홍선7"
"adfsfa8","hsjang8","장홍선8"
"adfsfa9","hsjang9","장홍선9"
"adfsfa10","hsjang10","장홍선10"
"adfsfa11","hsjang11","장홍선11"
"adfsfa12","hsjang12","장홍선12"
"adfsfa13","hsjang13","장홍선13"
"adfsfa14","hsjang14","장홍선14"
"adfsfa15","hsjang15","장홍선15"
"adfsfa16","hsjang16","장홍선16"
"adfsfa17","hsjang17","장홍선17"
"adfsfa18","hsjang18","장홍선18"
"adfsfa19","hsjang19","장홍선19"